
A.J. Greer,A.J. Greer,1.0
Aaron Dell,Aaron Dell,1.0
Aaron Ekblad,Aaron Ekblad,1.0
Aaron Ness,Aaron Ness,1.0
Adam Boqvist,Adam Boqvist,1.0
Luke Glendening,Adam Clendening,0.6666666666666666
Adam Cracknell,Adam Cracknell,1.0
Adam Erne,Adam Erne,1.0
Adam Fox,Adam Fox,1.0
Adam Gaudette,Adam Gaudette,1.0
Adam Henrique,Adam Henrique,1.0
Adam Johnson,Adam Johnson,1.0
Adam Larsson,Adam Larsson,1.0
Adam Lowry,Adam Lowry,1.0
Adam McQuaid,Adam McQuaid,1.0
Adam Pelech,Adam Pelech,1.0
Adin Hill,Adin Hill,1.0
Adrian Kempe,Adrian Kempe,1.0
Alan Quine,Alan Quine,1.0
Alec Martinez,Alec Martinez,1.0
Aleksander Barkov,Aleksander Barkov C,0.9444444444444444
Alex Biega,Alex Biega,1.0
Alex Chiasson,Alex Chiasson,1.0
Alex DeBrincat,Alex DeBrincat,1.0
Alexandre Fortin,Alex Formenton,0.6666666666666666
Alex Galchenyuk,Alex Galchenyuk,1.0
Alex Goligoski,Alex Goligoski,1.0
Alex Iafallo,Alex Iafallo,1.0
Alex Killorn,Alex Killorn,1.0
Alex Lyon,Alex Lyon,1.0
Alex Nedeljkovic,Alex Nedeljkovic,1.0
Alex Ovechkin,Alex Ovechkin C,0.9285714285714286
Alex Pietrangelo,Alex Pietrangelo C,0.9411764705882353
Alex Stalock,Alex Stalock,1.0
Alexander Steen,Alex Steen,0.8
Alex Tuch,Alex Tuch,1.0
Alexandar Georgiev,Alexandar Georgiev,1.0
Alexander Edler,Alexander Edler,1.0
Alexander Kerfoot,Alexander Kerfoot,1.0
Alexander Nylander,Alexander Nylander,1.0
Alex Petrovic,Alexander Petrovic,0.8387096774193549
Alexander Radulov,Alexander Radulov,1.0
Alexander Wennberg,Alexander Wennberg,1.0
Alexandre Fortin,Alexandre Fortin,1.0
Alexandre Texier,Alexandre Texier,1.0
Anders Bjork,Anders Bjork,1.0
Anders Lee,Anders Lee C,0.9090909090909091
Anders Nilsson,Anders Nilsson,1.0
Andre Burakovsky,Andre Burakovsky,1.0
Andreas Athanasiou,Andreas Athanasiou,1.0
Andreas Johnsson,Andreas Englund,0.6451612903225806
Andreas Johnsson,Andreas Johnsson,1.0
Andreas Martinsen,Andreas Martinsen,1.0
Andrei Svechnikov,Andrei Svechnikov,1.0
Andrei Vasilevskiy,Andrei Vasilevskiy,1.0
Andrej Sekera,Andrej Sekera,1.0
Andrej Sustr,Andrej Sustr,1.0
Andrew Agozzino,Andrew Agozzino,1.0
Andrew Cogliano,Andrew Cogliano,1.0
Andrew Copp,Andrew Copp,1.0
Andrew Ladd,Andrew Ladd,1.0
Andrew MacDonald,Andrew MacDonald,1.0
Andrew Mangiapane,Andrew Mangiapane,1.0
Andrew Peeke,Andrew Peeke,1.0
Andrew Shaw,Andrew Shaw,1.0
Andy Greene,Andy Greene C,0.9166666666666666
Andy Welinski,Andy Welinski,1.0
Anthony Beauvillier,Anthony Beauvillier,1.0
Anthony Bitetto,Anthony Bitetto,1.0
Anthony Cirelli,Anthony Cirelli,1.0
Anthony Deangelo,Anthony DeAngelo,0.9375
Anthony Duclair,Anthony Duclair,1.0
Anthony Bitetto,Anthony Greco,0.7142857142857143
Anthony Mantha,Anthony Mantha,1.0
Anthony Deangelo,Anthony Peluso,0.7333333333333333
Anthony Richard,Anthony Richard,1.0
Anthony Stolarz,Anthony Stolarz,1.0
Antoine Roussel,Antoine Roussel,1.0
Anton Lindholm,Anton Blidh,0.72
Anton Khudobin,Anton Khudobin,1.0
Anton Lindholm,Anton Lindholm,1.0
Anton Stralman,Anton Stralman,1.0
Antti Niemi,Antti Niemi,1.0
Antti Raanta,Antti Raanta,1.0
Antti Suomela,Antti Suomela,1.0
Anze Kopitar,Anze Kopitar C,0.9230769230769231
Artem Anisimov,Artem Anisimov,1.0
Artemi Panarin,Artemi Panarin,1.0
Artturi Lehkonen,Artturi Lehkonen,1.0
Ashton Sautner,Ashton Sautner,1.0
Austin Czarnik,Austin Czarnik,1.0
Austin Wagner,Austin Wagner,1.0
Austin Watson,Austin Watson,1.0
Auston Matthews,Auston Matthews,1.0
Barclay Goodrow,Barclay Goodrow,1.0
Barrett Hayton,Barrett Hayton,1.0
Ben Bishop,Ben Bishop,1.0
Ben Chiarot,Ben Chiarot,1.0
Blake Coleman,Ben Gleason,0.5833333333333334
Ben Harpur,Ben Harpur,1.0
Ben Hutton,Ben Hutton,1.0
Ben Lovejoy,Ben Lovejoy,1.0
Ben Street,Ben Street,1.0
Blake Coleman,Blake Coleman,1.0
Blake Comeau,Blake Comeau,1.0
Blake Lizotte,Blake Lizotte,1.0
Blake Pietila,Blake Pietila,1.0
Blake Wheeler,Blake Wheeler C,0.9285714285714286
Bo Horvat,Bo Horvat,1.0
Bo Horvat,Bo Horvat C,0.9
Bobby Ryan,Bobby Ryan,1.0
Bogdan Kiselevich,Bogdan Kiselevich,1.0
Boo Nieves,Boo Nieves,1.0
Boone Jenner,Boone Jenner,1.0
Brad Hunt,Brad Hunt,1.0
Brad Malone,Brad Malone,1.0
Brad Marchand,Brad Marchand,1.0
Brad Richardson,Brad Richardson,1.0
Braden Holtby,Braden Holtby,1.0
Darcy Kuemper,Brady Keeper,0.64
Brady Skjei,Brady Skjei,1.0
Brady Tkachuk,Brady Tkachuk,1.0
Brandon Carlo,Brandon Carlo,1.0
Brandon Davidson,Brandon Davidson,1.0
Brandon Dubinsky,Brandon Dubinsky,1.0
Brandon Saad,Brandon Gignac,0.6923076923076923
Brandon Manning,Brandon Manning,1.0
Brandon Montour,Brandon Montour,1.0
Brandon Pirri,Brandon Pirri,1.0
Brandon Saad,Brandon Saad,1.0
Brandon Sutter,Brandon Sutter,1.0
Brandon Tanev,Brandon Tanev,1.0
Brayden McNabb,Brayden McNabb,1.0
Brayden Point,Brayden Point,1.0
Brayden Schenn,Brayden Schenn,1.0
Braydon Coburn,Braydon Coburn,1.0
Brendan Gallagher,Brendan Gallagher,1.0
Brendan Gaunce,Brendan Gaunce,1.0
Brendan Guhle,Brendan Guhle,1.0
Brendan Leipsic,Brendan Leipsic,1.0
Brendan Lemieux,Brendan Lemieux,1.0
Brendan Perlini,Brendan Perlini,1.0
Brendan Smith,Brendan Smith,1.0
Brenden Dillon,Brenden Dillon,1.0
Brennan Menell,Brennan Menell,1.0
Brent Burns,Brent Burns,1.0
Brent Seabrook,Brent Seabrook,1.0
Brett Connolly,Brett Connolly,1.0
Brett Howden,Brett Howden,1.0
Brett Kulak,Brett Kulak,1.0
Brett Pesce,Brett Pesce,1.0
Brett Ritchie,Brett Ritchie,1.0
Brett Seney,Brett Seney,1.0
Brian Boyle,Brian Boyle,1.0
Brian Dumoulin,Brian Dumoulin,1.0
Brian Elliott,Brian Elliott,1.0
Brian Gibbons,Brian Gibbons,1.0
Brian Lashoff,Brian Lashoff,1.0
Brock Boeser,Brock Boeser,1.0
Brock McGinn,Brock McGinn,1.0
Brock Nelson,Brock Nelson,1.0
Sam Lafferty,Brogan Rafferty,0.6666666666666666
Brooks Orpik,Brooks Orpik,1.0
Bryan Little,Bryan Little,1.0
Bryan Rust,Bryan Rust,1.0
C.J. Smith,C.J. Smith,1.0
Cal Clutterbuck,Cal Clutterbuck,1.0
Cale Fleury,Cale Fleury,1.0
Cale Makar,Cale Makar,1.0
Caleb Jones,Caleb Jones,1.0
Calle Jarnkrok,Calle Jarnkrok,1.0
Calle Rosen,Calle Rosen,1.0
Calvin de Haan,Calvin de Haan,1.0
Calvin Petersen,Calvin Petersen,1.0
Calvin Pickard,Calvin Pickard,1.0
Cam Atkinson,Cam Atkinson,1.0
Cam Fowler,Cam Fowler,1.0
Cam Talbot,Cam Talbot,1.0
Cam Ward,Cam Ward,1.0
Cameron Gaunce,Cameron Gaunce,1.0
Cameron Gaunce,Cameron Schilling,0.5806451612903226
Carey Price,Carey Price,1.0
Carl Dahlstrom,Carl Dahlstrom,1.0
Carl Grundstrom,Carl Grundstrom,1.0
Carl Gunnarsson,Carl Gunnarsson,1.0
Carl Hagelin,Carl Hagelin,1.0
Carl Soderberg,Carl Soderberg,1.0
Carson Soucy,Carson Soucy,1.0
Carter Hart,Carter Hart,1.0
Carter Hutton,Carter Hutton,1.0
Carter Rowney,Carter Rowney,1.0
Carter Verhaeghe,Carter Verhaeghe,1.0
Casey Cizikas,Casey Cizikas,1.0
Casey DeSmith,Casey DeSmith,1.0
Casey Mittelstadt,Casey Mittelstadt,1.0
Casey Nelson,Casey Nelson,1.0
Cayden Primeau,Cayden Primeau,1.0
Cedric Paquette,Cedric Paquette,1.0
Chad Johnson,Chad Johnson,1.0
Chad Ruhwedel,Chad Ruhwedel,1.0
Chandler Stephenson,Chandler Stephenson,1.0
Charles Hudon,Charles Hudon,1.0
Charlie Coyle,Charlie Coyle,1.0
Ryan Lindgren,Charlie Lindgren,0.6896551724137931
Charlie McAvoy,Charlie McAvoy,1.0
Casey Nelson,Chase De Leo,0.5833333333333334
Chris Butler,Chris Butler,1.0
Chris Driedger,Chris Driedger,1.0
Chris Kreider,Chris Kreider,1.0
Chris Kunitz,Chris Kunitz,1.0
Chris Stewart,Chris Stewart,1.0
Christopher Tanev,Chris Tanev,0.7857142857142857
Chris Tierney,Chris Thorburn,0.6666666666666666
Chris Tierney,Chris Tierney,1.0
Christopher Wagner,Chris Wagner,0.8
Chris Wideman,Chris Wideman,1.0
Christian Djoos,Christian Djoos,1.0
Christian Dvorak,Christian Dvorak,1.0
Christian Fischer,Christian Fischer,1.0
Christian Folin,Christian Folin,1.0
Christian Jaros,Christian Jaros,1.0
Christian Wolanin,Christian Wolanin,1.0
Christoffer Ehn,Christoffer Ehn,1.0
Christopher Tanev,Christopher Gibson,0.7428571428571429
Christopher Tanev,Christopher Tanev,1.0
Clark Bishop,Clark Bishop,1.0
Claude Giroux,Claude Giroux C,0.9285714285714286
Clayton Keller,Clayton Keller,1.0
Cody Ceci,Cody Ceci,1.0
Cody Eakin,Cody Eakin,1.0
Cody Glass,Cody Glass,1.0
Cody Goloubef,Cody Goloubef,1.0
Cody McLeod,Cody McLeod,1.0
Colby Cave,Colby Cave,1.0
Collin Delia,Colin Blackwell,0.5925925925925926
Colin Miller,Colin Miller,1.0
Colin White,Colin White,1.0
Colin Wilson,Colin Wilson,1.0
Collin Delia,Collin Delia,1.0
Colton Parayko,Colton Parayko,1.0
Colton Sceviour,Colton Sceviour,1.0
Colton Sissons,Colton Sissons,1.0
Colin White,Colton White,0.8695652173913043
Connor Brickley,Connor Brickley,1.0
Connor Brown,Connor Brown,1.0
Connor Carrick,Connor Carrick,1.0
Connor Clifton,Connor Clifton,1.0
Connor Hellebuyck,Connor Hellebuyck,1.0
Connor McDavid,Connor McDavid C,0.9333333333333333
Connor Murphy,Connor Murphy,1.0
Conor Garland,Conor Garland,1.0
Conor Sheary,Conor Sheary,1.0
Cooper Marody,Cooper Marody,1.0
Corban Knight,Corban Knight,1.0
Corey Crawford,Corey Crawford,1.0
Corey Perry,Corey Perry,1.0
Cory Conacher,Cory Conacher,1.0
Cory Schneider,Cory Schneider,1.0
Craig Anderson,Craig Anderson,1.0
Craig Smith,Craig Smith,1.0
Curtis Lazar,Curtis Lazar,1.0
Curtis McElhinney,Curtis McElhinney,1.0
Dale Weise,Dakota Mermis,0.5217391304347826
Dale Weise,Dale Weise,1.0
Dalton Prout,Dalton Prout,1.0
Damon Severson,Damon Severson,1.0
Dan Girardi,Dan Girardi,1.0
Dan Hamhuis,Dan Hamhuis,1.0
Patrick Marleau,Danick Martel,0.6428571428571429
Connor Brickley,Daniel Brickley,0.6666666666666666
Daniel Carr,Daniel Carr,1.0
Daniel Carr,Daniel ORegan,0.6666666666666666
Daniel Sprong,Daniel Sprong,1.0
Danny DeKeyser,Danny DeKeyser,1.0
Dante Fabbro,Dante Fabbro,1.0
Danton Heinen,Danton Heinen,1.0
Darcy Kuemper,Darcy Kuemper,1.0
Darnell Nurse,Darnell Nurse,1.0
Darren Archibald,Darren Archibald,1.0
Darren Helm,Darren Helm,1.0
David Backes,David Backes,1.0
David Gustafsson,David Gustafsson,1.0
David Kampf,David Kampf,1.0
David Kase,David Kase,1.0
David Krejci,David Krejci,1.0
David Pastrnak,David Pastrnak,1.0
David Perron,David Perron,1.0
David Rittich,David Rittich,1.0
David Savard,David Savard,1.0
David Schlemko,David Schlemko,1.0
Dean Kukan,Dean Kukan,1.0
Denis Gurianov,Denis Gurianov,1.0
Denis Malgin,Denis Malgin,1.0
Dennis Cholowski,Dennis Cholowski,1.0
Dennis Gilbert,Dennis Gilbert,1.0
Derek Forbort,Derek Forbort,1.0
Derek Grant,Derek Grant,1.0
Derek Ryan,Derek MacKenzie,0.64
Derek Ryan,Derek Ryan,1.0
Derek Stepan,Derek Stepan,1.0
Derick Brassard,Derick Brassard,1.0
Derrick Pouliot,Derrick Pouliot,1.0
Deryk Engelland,Deryk Engelland,1.0
Devan Dubnyk,Devan Dubnyk,1.0
Devante SmithPelly,Devante SmithPelly,1.0
Devin Shore,Devin Shore,1.0
Devon Toews,Devon Toews,1.0
Dillon Dube,Dillon Dube,1.0
Scott Harrington,Dillon Heatherington,0.6111111111111112
Dion Phaneuf,Dion Phaneuf,1.0
Dmitrij Jaskin,Dmitrij Jaskin,1.0
Dmitry Kulikov,Dmitry Kulikov,1.0
Dmitry Orlov,Dmitry Orlov,1.0
Dmytro Timashov,Dmytro Timashov,1.0
Dominic Toninato,Dominic Toninato,1.0
Dominic Turgeon,Dominic Turgeon,1.0
Dominik Kahun,Dominik Kahun,1.0
Dominik Kubalik,Dominik Kubalik,1.0
Dominik Simon,Dominik Simon,1.0
Dougie Hamilton,Dougie Hamilton,1.0
Drake Batherson,Drake Batherson,1.0
Drake Caggiula,Drake Caggiula,1.0
Drew Doughty,Drew Doughty,1.0
Drew Stafford,Drew Stafford,1.0
Dryden Hunt,Dryden Hunt,1.0
Duncan Keith,Duncan Keith,1.0
Dustin Brown,Dustin Brown,1.0
Dustin Byfuglien,Dustin Byfuglien,1.0
Dylan Demelo,Dylan DeMelo,0.9166666666666666
Dylan Gambrell,Dylan Gambrell,1.0
Dylan Larkin,Dylan Larkin,1.0
Dylan McIlrath,Dylan McIlrath,1.0
Dylan Sikura,Dylan Sikura,1.0
Dylan Strome,Dylan Strome,1.0
Edward Pasquale,Eddie Pasquale,0.8275862068965517
Eeli Tolvanen,Eeli Tolvanen,1.0
Igor Ozhiganov,Egor Yakovlev,0.5185185185185185
Elias Lindholm,Elias Lindholm,1.0
Elias Pettersson,Elias Pettersson,1.0
Elvis Merzlikins,Elvis Merzlikins,1.0
Emil Bemstrom,Emil Bemstrom,1.0
Eric Comrie,Eric Comrie,1.0
Eric Fehr,Eric Fehr,1.0
Eric Gryba,Eric Gryba,1.0
Eric Robinson,Eric Robinson,1.0
Eric Staal,Eric Staal,1.0
Eric Tangradi,Eric Tangradi,1.0
Erik Brannstrom,Erik Brannstrom,1.0
Erik Burgdoerfer,Erik Burgdoerfer,1.0
Erik Cernak,Erik Cernak,1.0
Erik Condra,Erik Condra,1.0
Erik Gudbranson,Erik Gudbranson,1.0
Erik Gustafsson,Erik Gustafsson,1.0
Erik Haula,Erik Haula,1.0
Erik Johnson,Erik Johnson,1.0
Erik Karlsson,Erik Karlsson,1.0
Esa Lindell,Esa Lindell,1.0
Ethan Bear,Ethan Bear,1.0
Ethan Bear,Evan Bouchard,0.6086956521739131
Evan Rodrigues,Evan Rodrigues,1.0
Evander Kane,Evander Kane,1.0
Evgeni Malkin,Evgeni Malkin,1.0
Evgenii Dadonov,Evgenii Dadonov,1.0
Evgeny Kuznetsov,Evgeny Kuznetsov,1.0
Filip Chlapik,Filip Chlapik,1.0
Filip Chytil,Filip Chytil,1.0
Filip Forsberg,Filip Forsberg,1.0
Filip Hronek,Filip Hronek,1.0
Filip Zadina,Filip Zadina,1.0
Frank Vatrano,Frank Vatrano,1.0
Frans Nielsen,Frans Nielsen,1.0
Frederick Gaudreau,Frederick Gaudreau,1.0
Frederik Andersen,Frederik Andersen,1.0
Frederik Gauthier,Frederik Gauthier,1.0
Fredrik Claesson,Fredrik Claesson,1.0
Gabriel Bourque,Gabriel Bourque,1.0
Gabriel Carlsson,Gabriel Carlsson,1.0
Gabriel Landeskog,Gabriel Landeskog C,0.9444444444444444
Gaetan Haas,Gaetan Haas,1.0
Garnet Hathaway,Garnet Hathaway,1.0
Garret Sparks,Garret Sparks,1.0
Garrett Wilson,Garrett Wilson,1.0
Gavin Bayreuther,Gavin Bayreuther,1.0
Gemel Smith,Gemel Smith,1.0
Greg McKegg,Greg McKegg,1.0
Greg Pateryn,Greg Pateryn,1.0
Guillaume Brisebois,Guillaume Brisebois,1.0
Gustav Forsling,Gustav Forsling,1.0
Gustav Nyquist,Gustav Nyquist,1.0
Hampus Lindholm,Hampus Lindholm,1.0
Haydn Fleury,Haydn Fleury,1.0
Henri Jokiharju,Henri Jokiharju,1.0
Henrik Borgstrom,Henrik Borgstrxc3xb6m,0.8108108108108109
Henrik Lundqvist,Henrik Lundqvist,1.0
Matt Niskanen,Hunter Miska,0.48
Ian Cole,Ian Cole,1.0
Ian McCoshen,Ian McCoshen,1.0
Igor Ozhiganov,Igor Ozhiganov,1.0
Ilya Kovalchuk,Ilya Kovalchuk,1.0
Ilya Lyubushkin,Ilya Lyubushkin,1.0
Ilya Mikheyev,Ilya Mikheyev,1.0
Ilya Samsonov,Ilya Samsonov,1.0
Isac Lundestrom,Isac Lundestrom,1.0
Ivan Barbashev,Ivan Barbashev,1.0
Ivan Provorov,Ivan Provorov,1.0
J.T. Brown,J.T. Brown,1.0
J.T. Miller,J.T. Miller,1.0
Jaccob Slavin,Jaccob Slavin,1.0
Jack Campbell,Jack Campbell,1.0
Jack Eichel,Jack Eichel C,0.9166666666666666
Jack Hughes,Jack Hughes,1.0
Jack Johnson,Jack Johnson,1.0
Jack Rodewald,Jack Rodewald,1.0
Jack Roslovic,Jack Roslovic,1.0
Jacob De La Rose,Jacob de la Rose,0.875
Jacob Larsson,Jacob Larsson,1.0
Jaycob Megna,Jacob MacDonald,0.6666666666666666
Jacob Markstrom,Jacob Markstrom,1.0
Jaycob Megna,Jacob Middleton,0.6666666666666666
Jacob Larsson,Jacob Nilsson,0.7692307692307693
Jacob Trouba,Jacob Trouba,1.0
Jaden Schwartz,Jaden Schwartz,1.0
Jake Allen,Jake Allen,1.0
Jake Bean,Jake Bean,1.0
Jake McCabe,Jake Chelios,0.6086956521739131
Jake DeBrusk,Jake Debrusk,0.9166666666666666
Jake Dotchin,Jake Dotchin,1.0
Jake Gardiner,Jake Gardiner,1.0
Jake Guentzel,Jake Guentzel,1.0
Jake McCabe,Jake McCabe,1.0
Jake Muzzin,Jake Muzzin,1.0
Jake Virtanen,Jake Virtanen,1.0
Jakob Chychrun,Jakob Chychrun,1.0
J. Forsbacka Karlss...,Jakob Forsbacka Karlsson,0.782608695652174
Jakob Silfverberg,Jakob Silfverberg,1.0
Jakub Voracek,Jakub Jerabek,0.7692307692307693
Jakub Voracek,Jakub Voracek,1.0
Jakub Vrana,Jakub Vrana,1.0
Jakub Voracek,Jakub Zboril,0.64
James Neal,James Neal,1.0
James Reimer,James Reimer,1.0
James van Riemsdyk,James van Riemsdyk,1.0
Jamie Benn,Jamie Benn C,0.9090909090909091
Jamie McGinn,Jamie McGinn,1.0
Jamie Oleksiak,Jamie Oleksiak,1.0
Jan Rutta,Jan Rutta,1.0
Janne Kuokkanen,Janne Kuokkanen,1.0
Jared McCann,Jared McCann,1.0
Jared Spurgeon,Jared Spurgeon,1.0
Joey Anderson,Jaret AndersonDolan,0.6875
Jaroslav Halak,Jaroslav Halak,1.0
Jason Demers,Jason Demers,1.0
Jason Dickinson,Jason Dickinson,1.0
Jason Garrison,Jason Garrison,1.0
Jason Pominville,Jason Pominville,1.0
Jason Spezza,Jason Spezza,1.0
Jason Zucker,Jason Zucker,1.0
Jay Beagle,Jay Beagle,1.0
Jay Bouwmeester,Jay Bouwmeester,1.0
Jayce Hawryluk,Jayce Hawryluk,1.0
Jaycob Megna,Jaycob Megna,1.0
JeanGabriel Pageau,JeanGabriel Pageau,1.0
Sebastian Aho,JeanSebastien Dea,0.6
Jeff Carter,Jeff Carter,1.0
Jeff Petry,Jeff Petry,1.0
Jeff Skinner,Jeff Skinner,1.0
Jeremy Lauzon,Jeremy Lauzon,1.0
Jesper Boqvist,Jesper Boqvist,1.0
Jesper Bratt,Jesper Bratt,1.0
Jesper Fast,Jesper Fast,1.0
Jesperi Kotkaniemi,Jesperi Kotkaniemi,1.0
Jesse Puljujarvi,Jesse Puljujarvi,1.0
Jimmy Howard,Jimmy Howard,1.0
Jimmy Schuldt,Jimmy Schuldt,1.0
Jimmy Vesey,Jimmy Vesey,1.0
Joachim Blichfeld,Joachim Blichfeld,1.0
Joakim Nordstrom,Joakim Nordstrom,1.0
Joakim Nygard,Joakim Nygard,1.0
Joakim Ryan,Joakim Ryan,1.0
Joe Hicketts,Joe Hicketts,1.0
Joe Pavelski,Joe Pavelski,1.0
Joe Pavelski,Joe Pavelski C,0.9230769230769231
Joe Thornton,Joe Thornton,1.0
Joel Armia,Joel Armia,1.0
Joel Edmundson,Joel Edmundson,1.0
Joel Eriksson Ek,Joel Eriksson Ek,1.0
Joel Farabee,Joel Farabee,1.0
Joel Hanley,Joel Hanley,1.0
Joel LEsperance,Joel LEsperance,1.0
Joey Anderson,Joey Anderson,1.0
Joey Daccord,Joey Daccord,1.0
Johan Larsson,Johan Larsson,1.0
John Carlson,John Carlson,1.0
John Gibson,John Gibson,1.0
John Gilmour,John Gilmour,1.0
John Hayden,John Hayden,1.0
John Klingberg,John Klingberg,1.0
John Marino,John Marino,1.0
John Moore,John Moore,1.0
John Quenneville,John Quenneville,1.0
John Tavares,John Tavares,1.0
John Tavares,John Tavares C,0.9230769230769231
Johnny Boychuk,Johnny Boychuk,1.0
Johnny Gaudreau,Johnny Gaudreau,1.0
J. Marchessault,Jon Marchessault,0.9032258064516129
Jon Merrill,Jon Merrill,1.0
Jonas Brodin,Jonas Brodin,1.0
Jonas Siegenthaler,Jonas Siegenthaler,1.0
Jonathan Bernier,Jonathan Bernier,1.0
Jonathan Davidsson,Jonathan Davidsson,1.0
Jonathan Drouin,Jonathan Drouin,1.0
Jonathan Ericsson,Jonathan Ericsson,1.0
Jonathan Huberdeau,Jonathan Huberdeau,1.0
J. Marchessault,Jonathan Marchessault,0.7777777777777778
Jonathan Quick,Jonathan Quick,1.0
Jonathan Toews,Jonathan Toews C,0.9333333333333333
Jon Merrill,Jonathon Merrill,0.8148148148148148
Jonny Brodzinski,Jonny Brodzinski,1.0
Joona Luoto,Joona Luoto,1.0
Joonas Donskoi,Joonas Donskoi,1.0
Joonas Korpisalo,Joonas Korpisalo,1.0
Jordan Binnington,Jordan Binnington,1.0
Jordan Eberle,Jordan Eberle,1.0
Jordan Greenway,Jordan Greenway,1.0
Jordan Kyrou,Jordan Kyrou,1.0
Jordan Martinook,Jordan Martinook,1.0
Jordan Nolan,Jordan Nolan,1.0
Jordan Oesterle,Jordan Oesterle,1.0
Jordan Schmaltz,Jordan Schmaltz,1.0
Jordan Staal,Jordan Staal,1.0
Jordan Staal,Jordan Staal C,0.9230769230769231
Jordan Weal,Jordan Weal,1.0
Jordie Benn,Jordie Benn,1.0
Jori Lehtera,Jori Lehtera,1.0
Joseph Blandisi,Joseph Blandisi,1.0
Dylan Gambrell,Joseph Gambardella,0.5625
Joe Morrow,Joseph Morrow,0.8695652173913043
Josh Anderson,Josh Anderson,1.0
Josh Archibald,Josh Archibald,1.0
Josh Bailey,Josh Bailey,1.0
Josh Brown,Josh Brown,1.0
Josh Currie,Josh Currie,1.0
Josh Leivo,Josh Leivo,1.0
Josh Mahura,Josh Mahura,1.0
Josh Manson,Josh Manson,1.0
Josh Morrissey,Josh Morrissey,1.0
John Tavares,Josh Teves,0.7272727272727273
Josh HoSang,Joshua HoSang,0.9166666666666666
Joshua Brown,Joshua Jacobs,0.64
Juho Lammikko,Juho Lammikko,1.0
Jujhar Khaira,Jujhar Khaira,1.0
Julien Gauthier,Julien Gauthier,1.0
Julius Honka,Julius Honka,1.0
Justin Abdelkader,Justin Abdelkader,1.0
Justin Bailey,Justin Bailey,1.0
Justin Braun,Justin Braun,1.0
Justin Dowling,Justin Dowling,1.0
Justin Falk,Justin Falk,1.0
Justin Faulk,Justin Faulk,1.0
Justin Holl,Justin Holl,1.0
Justin Falk,Justin Kloos,0.6956521739130435
Justin Schultz,Justin Schultz,1.0
Justin Williams,Justin Williams C,0.9375
Juuse Saros,Juuse Saros,1.0
Juuso Riikola,Juuso Riikola,1.0
Juuso Valimaki,Juuso Valimaki,1.0
Kaapo Kahkonen,Kaapo Kahkonen,1.0
Kaapo Kakko,Kaapo Kakko,1.0
Haydn Fleury,Kaden Fulcher,0.64
Kailer Yamamoto,Kailer Yamamoto,1.0
Kalle Kossila,Kalle Kossila,1.0
Karl Alzner,Karl Alzner,1.0
Karson Kuhlman,Karson Kuhlman,1.0
Kasperi Kapanen,Kasperi Kapanen,1.0
Keith Kinkaid,Keith Kinkaid,1.0
Keith Yandle,Keith Yandle,1.0
Kenny Agostino,Kenny Agostino,1.0
Kirby Dach,Kerby Rychel,0.6363636363636364
Kevan Miller,Kevan Miller,1.0
Kevin Boyle,Kevin Boyle,1.0
Kevin Connauton,Kevin Connauton,1.0
Kevin Fiala,Kevin Fiala,1.0
Kevin Gravel,Kevin Gravel,1.0
Kevin Hayes,Kevin Hayes,1.0
Kevin Labanc,Kevin Labanc,1.0
Kevin Rooney,Kevin Rooney,1.0
Kevin Roy,Kevin Roy,1.0
Kevin Shattenkirk,Kevin Shattenkirk,1.0
Kevin Stenlund,Kevin Stenlund,1.0
Kiefer Sherwood,Kiefer Sherwood,1.0
Kirby Dach,Kirby Dach,1.0
Kiefer Sherwood,Kole Sherwood,0.7857142857142857
Korbinian Holzer,Korbinian Holzer,1.0
Kris Letang,Kris Letang,1.0
Kris Russell,Kris Russell,1.0
Christian Wolanin,Kristian Vesalainen,0.6666666666666666
Kurtis Gabriel,Kurtis Gabriel,1.0
Kurtis MacDermid,Kurtis MacDermid,1.0
Kyle Brodziak,Kyle Brodziak,1.0
Kyle Capobianco,Kyle Capobianco,1.0
Kyle Clifford,Kyle Clifford,1.0
Kyle Connor,Kyle Connor,1.0
Kyle Okposo,Kyle Okposo,1.0
Kyle Palmieri,Kyle Palmieri,1.0
Kyle Rau,Kyle Rau,1.0
Kyle Turris,Kyle Turris,1.0
Madison Bowey,Landon Bow,0.6956521739130435
Lars Eller,Lars Eller,1.0
Laurent Brossoit,Laurent Brossoit,1.0
Laurent Dauphin,Laurent Dauphin,1.0
Lawrence Pilut,Lawrence Pilut,1.0
Lawson Crouse,Lawson Crouse,1.0
Lee Stempniak,Lee Stempniak,1.0
Leo Komarov,Leo Komarov,1.0
Leon Draisaitl,Leon Draisaitl,1.0
Lias Andersson,Lias Andersson,1.0
Libor Hajek,Libor Hajek,1.0
Libor Sulak,Libor Sulak,1.0
Linus Ullmark,Linus Ullmark,1.0
Logan Brown,Logan Brown,1.0
Logan Couture,Logan Couture,1.0
Logan Couture,Logan Couture C,0.9285714285714286
Logan OConnor,Logan OConnor,1.0
Logan Shaw,Logan Shaw,1.0
Loui Eriksson,Loui Eriksson,1.0
Louie Belpedio,Louie Belpedio,1.0
Louis Domingue,Louis Domingue,1.0
Luca Sbisa,Luca Sbisa,1.0
Lucas Wallmark,Lucas Wallmark,1.0
Lukas Radil,Lukas Radil,1.0
Lukas Sedlak,Lukas Sedlak,1.0
Luke Glendening,Luke Glendening,1.0
Luke Johnson,Luke Johnson,1.0
Luke Kunin,Luke Kunin,1.0
Luke Schenn,Luke Schenn,1.0
Luke Witkowski,Luke Witkowski,1.0
Mackenzie Blackwood,Mackenzie Blackwood,1.0
Mackenzie MacEachern,Mackenzie MacEachern,1.0
Mackenzie Weegar,MacKenzie Weegar,0.9375
Madison Bowey,Madison Bowey,1.0
Magnus Paajarvi,Magnus Paajarvi,1.0
Malcom Subban,Malcolm Subban,0.9629629629629629
Marc Methot,Marc Methot,1.0
Marc Staal,Marc Staal,1.0
MarcAndre Fleury,MarcAndre Fleury,1.0
MarcEdouard Vlasic,MarcEdouard Vlasic,1.0
Marco Scandella,Marco Scandella,1.0
Marcus Foligno,Marcus Foligno,1.0
Marcus Hogberg,Marcus Hogberg,1.0
Marcus Johansson,Marcus Johansson,1.0
Marcus Kruger,Marcus Kruger,1.0
Marcus Pettersson,Marcus Pettersson,1.0
Marcus Sorensen,Marcus Sorensen,1.0
Mario Ferraro,Mario Ferraro,1.0
Mario Kempe,Mario Kempe,1.0
Mark Stone,Mark Alt,0.6666666666666666
Mark Barberio,Mark Barberio,1.0
Mark Borowiecki,Mark Borowiecki,1.0
Mark Giordano,Mark Friedman,0.6923076923076923
Mark Giordano,Mark Giordano C,0.9285714285714286
Mark Jankowski,Mark Jankowski,1.0
Mark Letestu,Mark Letestu,1.0
Mark Pysyk,Mark Pysyk,1.0
Mark Scheifele,Mark Scheifele,1.0
Mark Stone,Mark Stone,1.0
Marko Dano,Marko Daxc5x88o,0.72
Markus Granlund,Markus Granlund,1.0
Markus Hannikainen,Markus Hannikainen,1.0
Markus Nutivaara,Markus Nutivaara,1.0
Martin Frk,Martin Frk,1.0
Martin Hanzal,Martin Hanzal,1.0
Martin Jones,Martin Jones,1.0
Martin Marincin,Martin Marincin,1.0
Martin Necas,Martin Necas,1.0
Mason Appleton,Mason Appleton,1.0
Mathew Barzal,Mathew Barzal,1.0
Mathew Dumba,Mathew Dumba,1.0
Mathieu Joseph,Mathieu Joseph,1.0
Mathieu Perreault,Mathieu Perreault,1.0
Mats Zuccarello,Mats Zuccarello,1.0
Matt Bartkowski,Matt Bartkowski,1.0
Matt Niskanen,Matt Beleskey,0.6153846153846154
Matt Benning,Matt Benning,1.0
Matt Calvert,Matt Calvert,1.0
Matt Cullen,Matt Cullen,1.0
Matt Tennyson,Matt Donovan,0.64
Matt Duchene,Matt Duchene,1.0
Matt Grzelcyk,Matt Grzelcyk,1.0
Matt Hendricks,Matt Hendricks,1.0
Matt Hunwick,Matt Hunwick,1.0
Matt Irwin,Matt Irwin,1.0
Matt Luff,Matt Luff,1.0
Matt Martin,Matt Martin,1.0
Matt Murray,Matt Murray,1.0
Matt Nieto,Matt Nieto,1.0
Matt Niskanen,Matt Niskanen,1.0
Matthew Puempel,Matt Puempel,0.8888888888888888
Matt Read,Matt Read,1.0
Matt Roy,Matt Roy,1.0
Matt Tennyson,Matt Tennyson,1.0
Matthew Highmore,Matthew Highmore,1.0
Matt Nieto,Matthew Nieto,0.8695652173913043
Matthew Peca,Matthew Peca,1.0
Matthew Tkachuk,Matthew Tkachuk,1.0
Mattias Ekholm,Mattias Ekholm,1.0
Mattias Janmark,Mattias Janmark,1.0
Maxime Comtois,Max Comtois,0.88
Max Domi,Max Domi,1.0
Max Jones,Max Jones,1.0
Max Lajoie,Max Lajoie,1.0
Max McCormick,Max McCormick,1.0
Max Pacioretty,Max Pacioretty,1.0
Max Vronneau,Max Veronneau,0.96
Maxim Mamin,Maxim Mamin,1.0
Maxime Comtois,Maxime Comtois,1.0
Maxime Lagace,Maxime Lagace,1.0
Max Lajoie,Maxime Lajoie,0.8695652173913043
Melker Karlsson,Melker Karlsson,1.0
Michael Amadio,Michael Amadio,1.0
Michael Bunting,Michael Bunting,1.0
Michael Chaput,Michael Chaput,1.0
Michael Dal Colle,Michael Dal Colle,1.0
Michael Del Zotto,Michael Del Zotto,1.0
Michael Del Zotto,Michael Dipietro,0.7272727272727273
Michael Frolik,Michael Frolik,1.0
Michael Grabner,Michael Grabner,1.0
Michael Hutchinson,Michael Hutchinson,1.0
Mike Matheson,Michael Matheson,0.8275862068965517
Michael McLeod,Michael McLeod,1.0
Michael Raffl,Michael Raffl,1.0
Michael Rasmussen,Michael Rasmussen,1.0
Michael Stone,Michael Stone,1.0
Michal Kempny,Michal Kempny,1.0
Michal Neuvirth,Michal Neuvirth,1.0
Michael Ferland,Micheal Ferland,0.9333333333333333
Micheal Haley,Micheal Haley,1.0
Mikka Salomaki,Miikka Salomaki,0.9655172413793104
Mika Zibanejad,Mika Zibanejad,1.0
Mikael Backlund,Mikael Backlund,1.0
Mikael Granlund,Mikael Granlund,1.0
Erik Condra,Mike Condon,0.6363636363636364
Mike Green,Mike Green,1.0
Mike Hoffman,Mike Hoffman,1.0
Mike Matheson,Mike Matheson,1.0
Mike McKenna,Mike McKenna,1.0
Mike Reilly,Mike Reilly,1.0
Mike Smith,Mike Smith,1.0
Mikhail Sergachev,Mikhail Sergachev,1.0
Mikhail Sergachev,Mikhail Vorobyev,0.6666666666666666
Mikkel Boedker,Mikkel Boedker,1.0
Mikko Koivu,Mikko Koivu C,0.9166666666666666
Mikko Koskinen,Mikko Koskinen,1.0
Mikko Rantanen,Mikko Rantanen,1.0
Milan Lucic,Milan Lucic,1.0
Miles Wood,Miles Wood,1.0
Mirco Mueller,Mirco Mueller,1.0
Miro Heiskanen,Miro Heiskanen,1.0
Mitchell Marner,Mitch Marner,0.8888888888888888
Mitchell Marner,Mitchell Marner,1.0
Mitchell Stephens,Mitchell Stephens,1.0
Morgan Frost,Morgan Frost,1.0
Morgan Rielly,Morgan Rielly,1.0
Nate Prosser,Nate Prosser,1.0
Nate Schmidt,Nate Schmidt,1.0
Nate Thompson,Nate Thompson,1.0
Nathan Bastian,Nathan Bastian,1.0
Nathan Beaulieu,Nathan Beaulieu,1.0
Nathan MacKinnon,Nathan MacKinnon,1.0
Nathan Walker,Nathan Walker,1.0
Nazem Kadri,Nazem Kadri,1.0
Neal Pionk,Neal Pionk,1.0
Sheldon Dries,Nelson Nogier,0.5384615384615384
Nic Dowd,Nic Dowd,1.0
Nic Petan,Nic Petan,1.0
Nicolas Hague,Nicholas Paul,0.7692307692307693
Nicholas Suzuki,Nicholas Suzuki,1.0
Nick Bjugstad,Nick Bjugstad,1.0
Nick Bonino,Nick Bonino,1.0
Nick Cousins,Nick Cousins,1.0
Nick Foligno,Nick Foligno C,0.9230769230769231
Nick Holden,Nick Holden,1.0
Nick Jensen,Nick Jensen,1.0
Nick Lappin,Nick Lappin,1.0
Nick Leddy,Nick Leddy,1.0
Nick Paul,Nick Paul,1.0
Nick Ritchie,Nick Ritchie,1.0
Nick Schmaltz,Nick Schmaltz,1.0
Nick Seeler,Nick Seeler,1.0
Nick Shore,Nick Shore,1.0
Nicklas Backstrom,Nicklas Backstrom,1.0
Nico Hischier,Nico Hischier,1.0
Nick Shore,Nico Sturm,0.6
Nicolas Hague,Nicolas AubeKubel,0.6666666666666666
Nicolas Deslauriers,Nicolas Deslauriers,1.0
Nicolas Hague,Nicolas Hague,1.0
Nicolas Roy,Nicolas Roy,1.0
Nikita Gusev,Nikita Gusev,1.0
Nikita Kucherov,Nikita Kucherov,1.0
Nikita Scherbak,Nikita Scherbak,1.0
Nikita Soshnikov,Nikita Soshnikov,1.0
Nikita Zadorov,Nikita Zadorov,1.0
Nikita Zaitsev,Nikita Zaitsev,1.0
Niklas Hjalmarsson,Niklas Hjalmarsson,1.0
Niklas Kronwall,Niklas Kronwall,1.0
Nikolai Prokhorkin,Nikolai Prokhorkin,1.0
Nikolaj Ehlers,Nikolaj Ehlers,1.0
Nikolay Goldobin,Nikolay Goldobin,1.0
Nino Niederreiter,Nino Niederreiter,1.0
Noah Dobson,Noah Dobson,1.0
Noah Gregor,Noah Gregor,1.0
Noah Hanifin,Noah Hanifin,1.0
Noah Juulsen,Noah Juulsen,1.0
Noel Acciari,Noel Acciari,1.0
Nolan Patrick,Nolan Patrick,1.0
Oliver Bjorkstrand,Oliver Bjorkstrand,1.0
Oliver EkmanLarsson,Oliver EkmanLarsson C,0.95
Oliver Kylington,Oliver Kylington,1.0
Olli Maatta,Olli Maatta,1.0
Ondrej Kase,Ondrej Kase,1.0
Ondrej Palat,Ondrej Palat,1.0
Oscar Fantenberg,Oscar Fantenberg,1.0
Oscar Klefbom,Oscar Klefbom,1.0
Oscar Lindberg,Oscar Lindberg,1.0
Oskar Lindblom,Oskar Lindblom,1.0
Oskar Sundqvist,Oskar Sundqvist,1.0
Otto Leskinen,Otto Leskinen,1.0
P.K. Subban,P.K. Subban,1.0
Par Lindholm,Par Lindholm,1.0
Patrick Maroon,Pat Maroon,0.8333333333333334
Patric Hornqvist,Patric Hornqvist,1.0
Patrice Bergeron,Patrice Bergeron,1.0
Patrick Eaves,Patrick Eaves,1.0
Patrick Kane,Patrick Kane,1.0
Patrick Marleau,Patrick Marleau,1.0
Patrick Russell,Patrick Russell,1.0
Patrik Berglund,Patrik Berglund,1.0
Patrik Laine,Patrik Laine,1.0
Patrick Nemeth,Patrik Nemeth,0.9629629629629629
Paul Byron,Paul Byron,1.0
Paul Carey,Paul Carey,1.0
Paul LaDue,Paul LaDue,1.0
Paul Stastny,Paul Stastny,1.0
Pavel Buchnevich,Pavel Buchnevich,1.0
Pavel Francouz,Pavel Francouz,1.0
Pavel Zacha,Pavel Zacha,1.0
Pekka Rinne,Pekka Rinne,1.0
Peter Budaj,Peter Budaj,1.0
Peter Cehlarik,Peter Cehlarik,1.0
Petr Mrazek,Petr Mrazek,1.0
Pheonix Copley,Pheonix Copley,1.0
Phil Kessel,Phil Kessel,1.0
Philip Varone,Phil Varone,0.9166666666666666
Philipp Grubauer,Philipp Grubauer,1.0
Philippe Myers,Philippe Myers,1.0
Phillip Danault,Phillip Danault,1.0
Phillip Di Giuseppe,Phillip Di Giuseppe,1.0
Pierre Engvall,Pierre Engvall,1.0
P. Bellemare,PierreEdouard Bellemare,0.6285714285714286
PierreLuc Dubois,PierreLuc Dubois,1.0
Pontus Aberg,Pontus Aberg,1.0
Quinn Hughes,Quinn Hughes,1.0
Radek Faksa,Radek Faksa,1.0
Radim Simek,Radim Simek,1.0
Radko Gudas,Radko Gudas,1.0
Rasmus Andersson,Rasmus Andersson,1.0
Rasmus Asplund,Rasmus Asplund,1.0
Rasmus Dahlin,Rasmus Dahlin,1.0
Rasmus Ristolainen,Rasmus Ristolainen,1.0
Will Butcher,Reid Boucher,0.6666666666666666
Reilly Smith,Reilly Smith,1.0
Tyler Pitlick,Rem Pitlick,0.75
Remi Elie,Remi Elie,1.0
Richard Bachman,Richard Bachman,1.0
Richard Panik,Richard Panik,1.0
Rickard Rakell,Rickard Rakell,1.0
Riley Barber,Riley Barber,1.0
Riley Nash,Riley Nash,1.0
Riley Sheahan,Riley Sheahan,1.0
Riley Sheahan,Riley Stillman,0.6666666666666666
Robby Fabbri,Robby Fabbri,1.0
Robert Bortuzzo,Robert Bortuzzo,1.0
Robert Hagg,Robert Hagg,1.0
Robert Thomas,Robert Thomas,1.0
Roberto Luongo,Roberto Luongo,1.0
Robin Lehner,Robin Lehner,1.0
Rocco Grimaldi,Rocco Grimaldi,1.0
Roman Josi,Roman Josi C,0.9090909090909091
Roman Polak,Roman Polak,1.0
Ron Hainsey,Ron Hainsey,1.0
Roope Hintz,Roope Hintz,1.0
Ross Johnston,Ross Johnston,1.0
Rourke Chartier,Rourke Chartier,1.0
Rudolfs Balcers,Rudolfs Balcers,1.0
Ryan Callahan,Ryan Callahan,1.0
Ryan Carpenter,Ryan Carpenter,1.0
Ryan Donato,Ryan Donato,1.0
Ryan Dzingel,Ryan Dzingel,1.0
Ryan Ellis,Ryan Ellis,1.0
Ryan Getzlaf,Ryan Getzlaf C,0.9230769230769231
Ryan Graves,Ryan Graves,1.0
Ryan Hartman,Ryan Hartman,1.0
Ryan Johansen,Ryan Johansen,1.0
Ryan Kesler,Ryan Kesler,1.0
Ryan Kuffner,Ryan Kuffner,1.0
Ryan Lindgren,Ryan Lindgren,1.0
Ryan Strome,Ryan Lomberg,0.6956521739130435
Ryan McDonagh,Ryan McDonagh,1.0
Ryan Miller,Ryan Miller,1.0
Ryan Murphy,Ryan Murphy,1.0
Ryan Murray,Ryan Murray,1.0
Ryan NugentHopkins,Ryan NugentHopkins,1.0
Ryan OReilly,Ryan OReilly,1.0
Ryan Poehling,Ryan Poehling,1.0
Ryan Pulock,Ryan Pulock,1.0
Ryan Reaves,Ryan Reaves,1.0
Ryan Spooner,Ryan Spooner,1.0
Ryan Strome,Ryan Strome,1.0
Ryan Suter,Ryan Suter,1.0
Saku Maenalanen,Saku Maenalanen,1.0
Sam Bennett,Sam Bennett,1.0
Sam Carrick,Sam Carrick,1.0
Sam Gagner,Sam Gagner,1.0
Sam Lafferty,Sam Lafferty,1.0
Sam Steel,Sam Montembeault,0.64
Sam Reinhart,Sam Reinhart,1.0
Sam Steel,Sam Steel,1.0
Sami Niku,Sami Niku,1.0
Sami Vatanen,Sami Vatanen,1.0
Samuel Blais,Sammy Blais,0.782608695652174
Samuel Girard,Samuel Girard,1.0
Samuel Morin,Samuel Morin,1.0
Scott Darling,Scott Darling,1.0
Scott Harrington,Scott Harrington,1.0
Scott Laughton,Scott Laughton,1.0
Scott Mayfield,Scott Mayfield,1.0
Scott Wilson,Scott Wilson,1.0
Sean Couturier,Sean Couturier,1.0
Sean Kuraly,Sean Kuraly,1.0
Sean Monahan,Sean Monahan,1.0
Sean Walker,Sean Walker,1.0
Sebastian Aho,Sebastian Aho,1.0
Semyon Varlamov,Semyon Varlamov,1.0
Sergei Bobrovsky,Sergei Bobrovsky,1.0
Seth Jones,Seth Jones,1.0
Shayne Gostisbehere,Shayne Gostisbehere,1.0
Shea Theodore,Shea Theodore,1.0
Shea Weber,Shea Weber C,0.9090909090909091
Sheldon Dries,Sheldon Dries,1.0
Sheldon Dries,Sheldon Rempal,0.6666666666666666
Sidney Crosby,Sidney Crosby C,0.9285714285714286
Slater Koekkoek,Slater Koekkoek,1.0
Sonny Milano,Sonny Milano,1.0
Stefan Elliott,Stefan Elliott,1.0
Stefan Noesen,Stefan Noesen,1.0
Steven Stamkos,Stephen Gionta,0.5714285714285714
Steven Fogarty,Steven Fogarty,1.0
Steven Kampfer,Steven Kampfer,1.0
Steve Santini,Steven Santini,0.9629629629629629
Steven Stamkos,Steven Stamkos C,0.9333333333333333
Sven Andrighetto,Sven Andrighetto,1.0
Sven Baertschi,Sven Baertschi,1.0
T.J. Brodie,T.J. Brodie,1.0
T.J. Oshie,T.J. Oshie,1.0
Tage Thompson,Tage Thompson,1.0
Tanner Fritz,Tanner Fritz,1.0
Tanner Pearson,Tanner Pearson,1.0
Taro Hirose,Taro Hirose,1.0
Taylor Fedun,Taylor Fedun,1.0
Taylor Hall,Taylor Hall,1.0
Teddy Blueger,Teddy Blueger,1.0
Teuvo Teravainen,Teuvo Teravainen,1.0
Thatcher Demko,Thatcher Demko,1.0
Thomas Chabot,Thomas Chabot,1.0
Thomas Greiss,Thomas Greiss,1.0
Thomas Hickey,Thomas Hickey,1.0
Thomas Vanek,Thomas Vanek,1.0
Tim Heed,Tim Heed,1.0
Tim Schaller,Tim Schaller,1.0
Timo Meier,Timo Meier,1.0
Tim Gettinger,Timothy Gettinger,0.8666666666666667
Tobias Rieder,Tobias Rieder,1.0
Tom Kuhnhackl,Tom Kuhnhackl,1.0
Tom Pyatt,Tom Pyatt,1.0
Tom Wilson,Tom Wilson,1.0
Tomas Hertl,Tomas Hertl,1.0
Tomas Hyka,Tomas Hyka,1.0
Tomas Nosek,Tomas Nosek,1.0
Thomas Vanek,Tomas Plekanec,0.6923076923076923
Tomas Tatar,Tomas Tatar,1.0
Torey Krug,Torey Krug,1.0
Travis Boyd,Travis Boyd,1.0
Travis Dermott,Travis Dermott,1.0
Travis Hamonic,Travis Hamonic,1.0
Travis Konecny,Travis Konecny,1.0
Travis Sanheim,Travis Sanheim,1.0
Travis Zajac,Travis Zajac,1.0
Trent Frederic,Trent Frederic,1.0
Trevor Carrick,Trevor Carrick,1.0
Trevor Daley,Trevor Daley,1.0
Trevor Lewis,Trevor Lewis,1.0
Trevor Moore,Trevor Moore,1.0
Trevor Van Riemsdyk,Trevor van Riemsdyk,0.9473684210526315
Tristan Jarry,Tristan Jarry,1.0
Troy Brouwer,Troy Brouwer,1.0
Troy Stecher,Troy Stecher,1.0
Troy Terry,Troy Terry,1.0
Tucker Poolman,Tucker Poolman,1.0
Tuukka Rask,Tuukka Rask,1.0
Ty Rattie,Ty Rattie,1.0
Tyler Bertuzzi,Tyler Bertuzzi,1.0
Tyler Bozak,Tyler Bozak,1.0
Tyler Ennis,Tyler Ennis,1.0
Tyler Johnson,Tyler Johnson,1.0
Tyler Lewington,Tyler Lewington,1.0
Tyler Motte,Tyler Motte,1.0
Tyler Myers,Tyler Myers,1.0
Tyler Pitlick,Tyler Pitlick,1.0
Tyler Seguin,Tyler Seguin,1.0
Tyler Toffoli,Tyler Toffoli,1.0
Trevor Moore,Tyrell Goulbourne,0.5517241379310345
Tyson Barrie,Tyson Barrie,1.0
Tyson Jost,Tyson Jost,1.0
Urho Vaakanainen,Urho Vaakanainen,1.0
Valentin Zykov,Valentin Zykov,1.0
Valeri Nichushkin,Valeri Nichushkin,1.0
Valtteri Filppula,Valtteri Filppula,1.0
Victor Hedman,Victor Hedman,1.0
Victor Mete,Victor Mete,1.0
Victor Olofsson,Victor Olofsson,1.0
Victor Rask,Victor Rask,1.0
Viktor Arvidsson,Viktor Arvidsson,1.0
Vince Dunn,Vince Dunn,1.0
Vincent Trocheck,Vincent Trocheck,1.0
Vinni Lettieri,Vinni Lettieri,1.0
Vincent Hinostroza,Vinnie Hinostroza,0.8571428571428571
Vitaly Abramov,Vitaly Abramov,1.0
Vladimir Sobotka,Vladimir Sobotka,1.0
Vladimir Tarasenko,Vladimir Tarasenko,1.0
Vladislav Gavrikov,Vladislav Gavrikov,1.0
Vladislav Kamenev,Vladislav Kamenev,1.0
Vladislav Kamenev,Vladislav Namestnikov,0.7894736842105263
Wade Megan,Wade Megan,1.0
Warren Foegele,Warren Foegele,1.0
Wayne Simmonds,Wayne Simmonds,1.0
Will Butcher,Will Butcher,1.0
William Carrier,William Borgen,0.6896551724137931
William Carrier,William Carrier,1.0
William Karlsson,William Karlsson,1.0
William Nylander,William Nylander,1.0
Xavier Ouellet,Xavier Ouellet,1.0
David Krejci,Yakov Trenin,0.5
Yanni Gourde,Yanni Gourde,1.0
Yannick Weber,Yannick Weber,1.0
Zach Parise,Zac Dalpe,0.6
Zac Rinaldo,Zac Rinaldo,1.0
Zachary AstonReese,Zach AstonReese,0.9090909090909091
Zach Bogosian,Zach Bogosian,1.0
Zach Hyman,Zach Hyman,1.0
Zach Parise,Zach Parise,1.0
Zach Sanford,Zach Sanford,1.0
Zach Trotman,Zach Trotman,1.0
Zachary Werenski,Zach Werenski,0.896551724137931
Zachary AstonReese,Zachary AstonReese,1.0
Zachary Werenski,Zachary Senyshyn,0.6875
Zack Kassian,Zack Kassian,1.0
Zack MacEwen,Zack MacEwen,1.0
Zack Smith,Zack Smith,1.0
Zdeno Chara,Zdeno Chara C,0.9166666666666666
Zemgus Girgensons,Zemgus Girgensons,1.0
